<NOTIFICATION xmlns:SOAP="http://schemas.xmlsoap.org/soap/envelope/" xmlns:WB="http://cordys.com/WBGEC/BPM_Notification/1.0" xmlns:WBN="http://cordys.com/WBGEC/DBT_Selection_Notification/1.0" xmlns:WBC="http://cordys.com/WBGEC/DBT_Selection_Country/1.0" xmlns:WBTF="http://cordys.com/WBGEC/DBT_Selection_Trust_Fund/1.0" xmlns:WBNA="http://cordys.com/WBGEC/DBT_Notification_Attachment/1.0" xmlns:WBQC="http://cordys.com/WBGEC/DBT_Notification_Qual_Crit/1.0"><SELECTION_NOTIFICATION xmlns="http://cordys.com/WBGEC/DBT_Selection_Notification/1.0"><SELECTION_ID>1207255</SELECTION_ID><NOTIFICATION_TYPE_ID>3</NOTIFICATION_TYPE_ID><TYPE_NAME>Advertise in Bidding Opportunities page</TYPE_NAME><PUBLICATION_DATE>2015-12-07T00:00:00.0</PUBLICATION_DATE><EOI_DEADLINE>2016-01-09T23:59:59.900000000</EOI_DEADLINE><ADVERTISEMENT_TEXT>SELECTION FOR CONSULTANTS BY THE WORLD BANK GROUP

REQUEST FOR EXPRESSIONS OF INTEREST

Electronic Submissions through World Bank Group eConsultant2
https://wbgeconsult2.worldbank.org/wbgec/index.html

ASSIGNMENT OVERVIEW

Assignment Title: 1207255 - Gender Specialist - Bangladesh Textile Competitiveness (BTC) program

Assignment Countries:
  - Bangladesh

ASSIGNMENT DESCRIPTION

BTC 's objective is to strengthen the competitiveness of the Bangladesh readymade garment (RMG) sector through strategic interventions to improve productivity, provide access to better jobs for women and increase access to remediation finance for factories to strengthen the supply chain.

One of the components of BTC will implement gender-focused activities to improve leadership opportunities for female workers in RMG factories. As a prerequisite to activities, IFC and Better Work Bangladesh (BWB) will conduct a mapping of female workforce participation in selected BWB factories.

The objective of this consultancy is to provide input into the design of the mapping survey and other baseline studies as required; coordinate survey team(s); and contribute expert knowledge into the design of subsequent gender-focused interventions that will be implemented under BTC.

IFC seeks to hire a Gender Specialist on a short-term contract (STC) for 60 days between February 1st and June 30th, 2016. The contract may be extended based on satisfactory performance and program needs.

The Gender Specialists envisioned scope of work will include:

By June 30, 2016:

- Provide input into the design of BWB factory gender mapping survey;
- Support coordination and oversight for BWB team conducting the survey;
- Provide thought leadership during the analysis phase, including identifying areas for program interventions;
- Support outreach to partners and relevant stakeholders as needed;
- Additional tasks within the Gender Specialists areas of expertise as may be required by the BTC Program Manager.

PROFILE
The consultant should be an individual. 

SUBMISSION REQUIREMENTS
The World Bank now invites eligible consultants to indicate their interest in providing the services. Interested individuals must provide information indicating that they are qualified to perform the services: 
- CV highlighting experience of similar assignments; 
- Master's in relevant discipline or 5 year demonstrated field-level experience in Gender-focused interventions, preferable working with the private sector;   
- A brief (1 page) statement of interest highlighting they possess the required skills to complete the assignment. 
Knowledge of the apparel industry and/or of the Bangladesh context would be an advantage.
Strong interpersonal skills and experience working in a multicultural environment are essential.

Interested consultants are hereby invited to submit expressions of interest.

Expressions of Interest should be submitted, in English, electronically through World Bank Group eConsultant2 (https://wbgeconsult2.worldbank.org/wbgec/index.html)

NOTES
Selection and contracting will normally be made from responses to this notification.  The consultant will be selected from a shortlist, subject to availability of funding.</ADVERTISEMENT_TEXT><DRAFT_FLAG>0</DRAFT_FLAG><LANGUAGE_OF_NOTICE>English</LANGUAGE_OF_NOTICE><ADVERTISE_UNTIL>2016-01-09T23:59:59.0</ADVERTISE_UNTIL><SELECTION_NUMBER>1207255</SELECTION_NUMBER><SELECTION_TITLE>Gender Specialist - Bangladesh Textile Competitiveness (BTC) program</SELECTION_TITLE><BEFORE_EOI_DEADLINE>0</BEFORE_EOI_DEADLINE><SELECTION_TYPE_ID>1</SELECTION_TYPE_ID><SELECTION_SUB_STATUS_ID>8</SELECTION_SUB_STATUS_ID></SELECTION_NOTIFICATION><SELECTION_COUNTRY><_><COUNTRY_ID xmlns="http://cordys.com/WBGEC/DBT_Selection_Country/1.0">BD</COUNTRY_ID><COUNTRY_NAME xmlns="http://cordys.com/WBGEC/DBT_Selection_Country/1.0">Bangladesh</COUNTRY_NAME></_></SELECTION_COUNTRY><SELECTION_TRUST_FUND><_><ID xmlns="http://cordys.com/WBGEC/DBT_Selection_Trust_Fund/1.0">405804</ID><SELECTION_ID xmlns="http://cordys.com/WBGEC/DBT_Selection_Trust_Fund/1.0">1207255</SELECTION_ID><TRUST_FUND_NUMBER xmlns="http://cordys.com/WBGEC/DBT_Selection_Trust_Fund/1.0">BB</TRUST_FUND_NUMBER><PERCENT_APPLIES xmlns="http://cordys.com/WBGEC/DBT_Selection_Trust_Fund/1.0">0</PERCENT_APPLIES><TRUST_FUND_DESC xmlns="http://cordys.com/WBGEC/DBT_Selection_Trust_Fund/1.0">BANK BUDGET</TRUST_FUND_DESC></_><_><ID xmlns="http://cordys.com/WBGEC/DBT_Selection_Trust_Fund/1.0">405805</ID><SELECTION_ID xmlns="http://cordys.com/WBGEC/DBT_Selection_Trust_Fund/1.0">1207255</SELECTION_ID><TRUST_FUND_NUMBER xmlns="http://cordys.com/WBGEC/DBT_Selection_Trust_Fund/1.0">TF0A0507</TRUST_FUND_NUMBER><PERCENT_APPLIES xmlns="http://cordys.com/WBGEC/DBT_Selection_Trust_Fund/1.0">100</PERCENT_APPLIES><TRUST_FUND_DESC xmlns="http://cordys.com/WBGEC/DBT_Selection_Trust_Fund/1.0">SME Value Chain - South Asia Region FMTAAS</TRUST_FUND_DESC></_></SELECTION_TRUST_FUND><NOTIFICATION_ATTACHMENT/><NOTIFICATION_QUAL_CRIT/></NOTIFICATION>