<NOTIFICATION xmlns:SOAP="http://schemas.xmlsoap.org/soap/envelope/" xmlns:WB="http://cordys.com/WBGEC/BPM_Notification/1.0" xmlns:WBN="http://cordys.com/WBGEC/DBT_Selection_Notification/1.0" xmlns:WBC="http://cordys.com/WBGEC/DBT_Selection_Country/1.0" xmlns:WBTF="http://cordys.com/WBGEC/DBT_Selection_Trust_Fund/1.0" xmlns:WBNA="http://cordys.com/WBGEC/DBT_Notification_Attachment/1.0" xmlns:WBQC="http://cordys.com/WBGEC/DBT_Notification_Qual_Crit/1.0"><SELECTION_NOTIFICATION xmlns="http://cordys.com/WBGEC/DBT_Selection_Notification/1.0"><SELECTION_ID>1207834</SELECTION_ID><NOTIFICATION_TYPE_ID>3</NOTIFICATION_TYPE_ID><TYPE_NAME>Advertise in Bidding Opportunities page</TYPE_NAME><PUBLICATION_DATE>2015-12-14T00:00:00.0</PUBLICATION_DATE><EOI_DEADLINE>2016-01-19T23:59:59.900000000</EOI_DEADLINE><ADVERTISEMENT_TEXT>SELECTION FOR CONSULTANTS BY THE WORLD BANK GROUP

REQUEST FOR EXPRESSIONS OF INTEREST

Electronic Submissions through World Bank Group eConsultant2
https://wbgeconsult2.worldbank.org/wbgec/index.html

ASSIGNMENT OVERVIEW

Assignment Title: 
Understanding urban resilience and identifying priority actions and investments in Central America.

Assignment Countries:
  - Guatemala
  - El Salvador
  - Honduras
  - Nicaragua
  - Costa Rica
  - Panama

ASSIGNMENT DESCRIPTION

The World Bank, with financing from the Japan-World Bank Program for Mainstreaming Disaster Risk Management in Developing Countries, and through the Global Facility for Disaster Reduction and Recovery (GFDRR), is seeking consultant services to assess the current state of urban resilience in Central America and to identify policy actions and specific priority investments projects that can be implemented by selected cities. Under the proposed framework, resilience is defined as the capacity of individuals, communities, institutions, businesses and systems within a city to survive, adapt, and grow no matter what kinds of chronic stresses and acute shocks they experience. A resilient city can adapt to a variety of shocks and stress while still providing essential services to its residents, especially the poor and vulnerable.

The scope of the consultancy consists of the following interrelated tasks and subtasks:


1.	Identify existing tools, information and guidance that may be useful for the purpose of the project and propose a specific methodology and road map for the analysis of resilient cities in Central America. The proposed methodology should take into consideration the main characteristics that define urban resilience such as aspects related to coordination, inclusiveness, redundancy, reflectiveness and robustness.
 
2.	Analyze and describe the most relevant environmental, economic and social chronic stresses and acute shocks that affect cities in Central America based on the review of existing information.

3.      For a number of prioritized aspects that impact urban resilience namely (i) decentralization and municipal/metropolitan management; (ii) urban development, including land use planning and housing; and (iii) disaster risk management and climate change adaptation including risk information, risk reduction, and disaster response carry out the following analysis at the national level for the six Central American countries:

a. Analyze the policy, institutional, and regulatory frameworks;
b. Map key stakeholders and their roles, capacity and responsibilities; and,
c. Assess information, planning, governance and financing instruments, budget allocation, ongoing (or recent implemented) projects, and existing evaluation and control mechanisms.

The analysis will largely rely on interviews and consultations with key stakeholders at the national and municipal level including DRM and planning agencies, relevant line ministries and municipal associations. The findings of the assessments will be validated by regional and national workshops with government officials and agencies, and representatives from civil society and the private sector. These workshops will also provide a space for peer-to-peer learning among Central American government regarding good practices to facilitate resilient development at the local level.

4.	Assess how other key issues  to be identified under Task 1 and prioritized in consultation with government officials - impact urban resilience in the six countries. Examples include energy, urban transport, watershed management, water and sanitation, and social protection.

5.	Develop country specific reports including recommendations on key public policy issues and a list of priority actions at the national level in order to improve the enabling framework for building resilience at the municipal level.

6.	Assess the advances and capacities for resilient development in twelve (12) cities, and verify how far the national frameworks reviewed are being applied at the local level. The assessment will mirror the national review, applying the same methodology. The results will be presented in twelve in-depth case study assessments outlining specific gaps, opportunities and recommendations for resilient development and proposing prioritized strategic actions to enhance municipal resilience.

7.	Conduct a rapid assessment of additional municipalities (small to medium sized cities) by developing a virtual survey (online questionnaire) that will broadly cover the same areas as the case studies.

The expected duration of the consultancy is around 12 months with a total level of effort equivalent to approximately 45 person-months.

The World Bank invites eligible consultant firms to indicate their interest in providing the services. Interested consultants should provide information indicating that they are qualified to perform the services (brochures, description of similar assignments, experience in similar conditions, availability of appropriate skills among staff, etc.).


FUNDING SOURCE

The World Bank intends to finance the assignment / services described below under the following trust fund(s):
 
  - Strengthen DRM and Resilience of CA cities

ELIGIBILITY

Eligibility restrictions apply:
Please see qualification criteria

INDIVIDUAL / FIRM PROFILE
The consultant will be a firm. 

SUBMISSION REQUIREMENTS
The World Bank now invites eligible consultants to indicate their interest in providing the services. Interested consultants must provide information indicating that they are qualified to perform the services (brochures, description of similar assignments, experience in similar conditions, availability of appropriate skills among staff, etc.). Please note that the total size of all attachments should be less than 5MB. Consultants may associate to enhance their qualifications.

Interested firms are hereby invited to submit expressions of interest.

Expressions of Interest should be submitted, in English, electronically through World Bank Group eTendering (https://wbgeconsult2.worldbank.org/wbgec/index.html)

NOTES
Following this invitation for Expression of Interest, a shortlist of qualified firms will be formally invited to submit proposals. Shortlisting and selection will be subject to the availability of funding.

QUALIFICATION CRITERIA

1.	Organization presentation: Please include a cover letter introducing your firm/institution (2 pages maximum), and a summary of your project management qualifications (2 pages maximum).

2.	Technical qualifications: Please include a description of similar past and present assignments (1) designing and implementing urban resilience projects including resilience assessment both at national and local levels, (2) working with government institutions in urban development or institutional strengthening focusing on enhancing resilience; and (3) other technical areas deemed relevant to this technical assignment (0.5 pages per project maximum; include period of performance for each project; at this point, project reference are not required; projects must be grouped according to category).

3.	Regional qualifications: Please include a description of past and present projects in developing countries (0.5 pages per project maximum; project must be grouped according to category).

4.	Qualifications of key staff: Please include the resumes/CVs of professional staff holding relevant technical experience, language skills (fluency in Spanish desirable for some of the team members) (2 pages maximum per key staff).

All qualification criteria are mandatory.</ADVERTISEMENT_TEXT><DRAFT_FLAG>0</DRAFT_FLAG><LANGUAGE_OF_NOTICE>English</LANGUAGE_OF_NOTICE><ADVERTISE_UNTIL>2016-01-19T23:59:59.0</ADVERTISE_UNTIL><SELECTION_NUMBER>1207834</SELECTION_NUMBER><SELECTION_TITLE>Firm consultant services -  Strengthening DRM and Resilience of Central American Municipalities (P157269)</SELECTION_TITLE><BEFORE_EOI_DEADLINE>10</BEFORE_EOI_DEADLINE><SELECTION_TYPE_ID>2</SELECTION_TYPE_ID><SELECTION_SUB_STATUS_ID>8</SELECTION_SUB_STATUS_ID></SELECTION_NOTIFICATION><SELECTION_COUNTRY><_><COUNTRY_ID xmlns="http://cordys.com/WBGEC/DBT_Selection_Country/1.0">GT</COUNTRY_ID><COUNTRY_NAME xmlns="http://cordys.com/WBGEC/DBT_Selection_Country/1.0">Guatemala</COUNTRY_NAME></_><_><COUNTRY_ID xmlns="http://cordys.com/WBGEC/DBT_Selection_Country/1.0">SV</COUNTRY_ID><COUNTRY_NAME xmlns="http://cordys.com/WBGEC/DBT_Selection_Country/1.0">El Salvador</COUNTRY_NAME></_><_><COUNTRY_ID xmlns="http://cordys.com/WBGEC/DBT_Selection_Country/1.0">HN</COUNTRY_ID><COUNTRY_NAME xmlns="http://cordys.com/WBGEC/DBT_Selection_Country/1.0">Honduras</COUNTRY_NAME></_><_><COUNTRY_ID xmlns="http://cordys.com/WBGEC/DBT_Selection_Country/1.0">NI</COUNTRY_ID><COUNTRY_NAME xmlns="http://cordys.com/WBGEC/DBT_Selection_Country/1.0">Nicaragua</COUNTRY_NAME></_><_><COUNTRY_ID xmlns="http://cordys.com/WBGEC/DBT_Selection_Country/1.0">CR</COUNTRY_ID><COUNTRY_NAME xmlns="http://cordys.com/WBGEC/DBT_Selection_Country/1.0">Costa Rica</COUNTRY_NAME></_><_><COUNTRY_ID xmlns="http://cordys.com/WBGEC/DBT_Selection_Country/1.0">PA</COUNTRY_ID><COUNTRY_NAME xmlns="http://cordys.com/WBGEC/DBT_Selection_Country/1.0">Panama</COUNTRY_NAME></_></SELECTION_COUNTRY><SELECTION_TRUST_FUND><_><ID xmlns="http://cordys.com/WBGEC/DBT_Selection_Trust_Fund/1.0">407443</ID><SELECTION_ID xmlns="http://cordys.com/WBGEC/DBT_Selection_Trust_Fund/1.0">1207834</SELECTION_ID><TRUST_FUND_NUMBER xmlns="http://cordys.com/WBGEC/DBT_Selection_Trust_Fund/1.0">TF0A1369</TRUST_FUND_NUMBER><PERCENT_APPLIES xmlns="http://cordys.com/WBGEC/DBT_Selection_Trust_Fund/1.0">100</PERCENT_APPLIES><TRUST_FUND_DESC xmlns="http://cordys.com/WBGEC/DBT_Selection_Trust_Fund/1.0">Strengthen DRM+Resilience of CA cities</TRUST_FUND_DESC></_><_><ID xmlns="http://cordys.com/WBGEC/DBT_Selection_Trust_Fund/1.0">407442</ID><SELECTION_ID xmlns="http://cordys.com/WBGEC/DBT_Selection_Trust_Fund/1.0">1207834</SELECTION_ID><TRUST_FUND_NUMBER xmlns="http://cordys.com/WBGEC/DBT_Selection_Trust_Fund/1.0">BB</TRUST_FUND_NUMBER><PERCENT_APPLIES xmlns="http://cordys.com/WBGEC/DBT_Selection_Trust_Fund/1.0">0</PERCENT_APPLIES><TRUST_FUND_DESC xmlns="http://cordys.com/WBGEC/DBT_Selection_Trust_Fund/1.0">BANK BUDGET</TRUST_FUND_DESC></_></SELECTION_TRUST_FUND><NOTIFICATION_ATTACHMENT/><NOTIFICATION_QUAL_CRIT><_><NOTIFICATION_QUAL_CRIT_ID xmlns="http://cordys.com/WBGEC/DBT_Notification_Qual_Crit/1.0">49550</NOTIFICATION_QUAL_CRIT_ID><CONTENT xmlns="http://cordys.com/WBGEC/DBT_Notification_Qual_Crit/1.0">1.	Organization presentation: Please include a cover letter introducing your firm/institution (2 pages maximum), and a summary of your project management qualifications (2 pages maximum).</CONTENT><ITEM_ORDER xmlns="http://cordys.com/WBGEC/DBT_Notification_Qual_Crit/1.0">1</ITEM_ORDER><MANDATORY xmlns="http://cordys.com/WBGEC/DBT_Notification_Qual_Crit/1.0">1</MANDATORY></_><_><NOTIFICATION_QUAL_CRIT_ID xmlns="http://cordys.com/WBGEC/DBT_Notification_Qual_Crit/1.0">49551</NOTIFICATION_QUAL_CRIT_ID><CONTENT xmlns="http://cordys.com/WBGEC/DBT_Notification_Qual_Crit/1.0">2.	Technical qualifications: Please include a description of similar past and present assignments (1) designing and implementing urban resilience projects including resilience assessment both at national and local levels, (2) working with government institutions in urban development or institutional strengthening focusing on enhancing resilience; and (3) other technical areas deemed relevant to this technical assignment (0.5 pages per project maximum; include period of performance).</CONTENT><ITEM_ORDER xmlns="http://cordys.com/WBGEC/DBT_Notification_Qual_Crit/1.0">2</ITEM_ORDER><MANDATORY xmlns="http://cordys.com/WBGEC/DBT_Notification_Qual_Crit/1.0">1</MANDATORY></_><_><NOTIFICATION_QUAL_CRIT_ID xmlns="http://cordys.com/WBGEC/DBT_Notification_Qual_Crit/1.0">49552</NOTIFICATION_QUAL_CRIT_ID><CONTENT xmlns="http://cordys.com/WBGEC/DBT_Notification_Qual_Crit/1.0">3.	Regional qualifications: Please include a description of past and present projects in developing countries (0.5 pages per project maximum; project must be grouped according to category).</CONTENT><ITEM_ORDER xmlns="http://cordys.com/WBGEC/DBT_Notification_Qual_Crit/1.0">3</ITEM_ORDER><MANDATORY xmlns="http://cordys.com/WBGEC/DBT_Notification_Qual_Crit/1.0">1</MANDATORY></_><_><NOTIFICATION_QUAL_CRIT_ID xmlns="http://cordys.com/WBGEC/DBT_Notification_Qual_Crit/1.0">49553</NOTIFICATION_QUAL_CRIT_ID><CONTENT xmlns="http://cordys.com/WBGEC/DBT_Notification_Qual_Crit/1.0">4.	Qualifications of key staff: Please include the resumes/CVs of professional staff holding relevant technical experience, language skills (fluency in Spanish desirable for some of the team members) (2 pages maximum per key staff).</CONTENT><ITEM_ORDER xmlns="http://cordys.com/WBGEC/DBT_Notification_Qual_Crit/1.0">4</ITEM_ORDER><MANDATORY xmlns="http://cordys.com/WBGEC/DBT_Notification_Qual_Crit/1.0">1</MANDATORY></_></NOTIFICATION_QUAL_CRIT></NOTIFICATION>