<NOTIFICATION xmlns:SOAP="http://schemas.xmlsoap.org/soap/envelope/" xmlns:WB="http://cordys.com/WBGEC/BPM_Notification/1.0" xmlns:WBN="http://cordys.com/WBGEC/DBT_Selection_Notification/1.0" xmlns:WBC="http://cordys.com/WBGEC/DBT_Selection_Country/1.0" xmlns:WBTF="http://cordys.com/WBGEC/DBT_Selection_Trust_Fund/1.0" xmlns:WBNA="http://cordys.com/WBGEC/DBT_Notification_Attachment/1.0" xmlns:WBQC="http://cordys.com/WBGEC/DBT_Notification_Qual_Crit/1.0"><SELECTION_NOTIFICATION xmlns="http://cordys.com/WBGEC/DBT_Selection_Notification/1.0"><SELECTION_ID>1208684</SELECTION_ID><NOTIFICATION_TYPE_ID>3</NOTIFICATION_TYPE_ID><TYPE_NAME>Advertise in Bidding Opportunities page</TYPE_NAME><PUBLICATION_DATE>2015-12-17T00:00:00.0</PUBLICATION_DATE><EOI_DEADLINE>2016-01-11T23:59:59.900000000</EOI_DEADLINE><ADVERTISEMENT_TEXT>SELECTION FOR CONSULTANTS BY THE WORLD BANK GROUP

REQUEST FOR EXPRESSIONS OF INTEREST

Electronic Submissions through World Bank Group eConsultant2
https://wbgeconsult2.worldbank.org/wbgec/index.html

ASSIGNMENT OVERVIEW

Assignment Title: 1208684 - Gap Analysis and Revision of Regional Customs Code - Central America

Assignment Countries:
  - Costa Rica
  - El Salvador
  - Guatemala
  - Nicaragua
  - Honduras

ASSIGNMENT DESCRIPTION

Members of the World Trade Organization (WTO) are in the process of determining what steps are necessary to implement the new WTO Trade Facilitation Agreement (TFA). For the Central American region, the primary legislation and supporting regulations that need revision are the Central American Customs Code (CAUCA) and its supporting regulations, the RECAUCA, which set out and underpin national customs laws and procedures that govern trade facilitation practices in El Salvador, Costa Rica, Honduras, Nicaragua, Guatemala and Panama. The CAUCA and RECAUCA have not been updated since 2008 and thus several modern practices in trade facilitation are lacking in the current version of the laws and regulations (CAUCA IV). Given Central Americas commitment to ratify the WTO TFA, updating the CAUCA and RECAUCA with a view to align them to the TFA, is a timely exercise and will help countries implement reforms at the national level to adopt modern trade facilitation practices.

ELIGIBILITY

Eligibility restrictions apply:
[Please type list of restrictions]

INDIVIDUAL / FIRM PROFILE
The consultant should be an individual. 

SUBMISSION REQUIREMENTS
The World Bank now invites eligible consultants to indicate their interest in providing the services.  Interested consultants must provide information indicating that they are qualified to perform the services (brochures, description of similar assignments, experience in similar conditions, availability of appropriate skills among staff, etc.).  Please note that the total size of all attachments should be less than 5MB.  

Interested consultants are hereby invited to submit expressions of interest.

Expressions of Interest should be submitted, in English, electronically through World Bank Group eConsultant2 (https://wbgeconsult2.worldbank.org/wbgec/index.html)

NOTES
Selection and contracting will normally be made from responses to this notification.  The consultant will be selected from a shortlist, subject to availability of funding.</ADVERTISEMENT_TEXT><DRAFT_FLAG>0</DRAFT_FLAG><LANGUAGE_OF_NOTICE>English</LANGUAGE_OF_NOTICE><ADVERTISE_UNTIL>2016-01-11T23:59:59.0</ADVERTISE_UNTIL><SELECTION_NUMBER>1208684</SELECTION_NUMBER><SELECTION_TITLE>Gap Analysis and Revision of Regional Customs Code - Central America</SELECTION_TITLE><BEFORE_EOI_DEADLINE>2</BEFORE_EOI_DEADLINE><SELECTION_TYPE_ID>1</SELECTION_TYPE_ID><SELECTION_SUB_STATUS_ID>8</SELECTION_SUB_STATUS_ID></SELECTION_NOTIFICATION><SELECTION_COUNTRY><_><COUNTRY_ID xmlns="http://cordys.com/WBGEC/DBT_Selection_Country/1.0">CR</COUNTRY_ID><COUNTRY_NAME xmlns="http://cordys.com/WBGEC/DBT_Selection_Country/1.0">Costa Rica</COUNTRY_NAME></_><_><COUNTRY_ID xmlns="http://cordys.com/WBGEC/DBT_Selection_Country/1.0">SV</COUNTRY_ID><COUNTRY_NAME xmlns="http://cordys.com/WBGEC/DBT_Selection_Country/1.0">El Salvador</COUNTRY_NAME></_><_><COUNTRY_ID xmlns="http://cordys.com/WBGEC/DBT_Selection_Country/1.0">GT</COUNTRY_ID><COUNTRY_NAME xmlns="http://cordys.com/WBGEC/DBT_Selection_Country/1.0">Guatemala</COUNTRY_NAME></_><_><COUNTRY_ID xmlns="http://cordys.com/WBGEC/DBT_Selection_Country/1.0">NI</COUNTRY_ID><COUNTRY_NAME xmlns="http://cordys.com/WBGEC/DBT_Selection_Country/1.0">Nicaragua</COUNTRY_NAME></_><_><COUNTRY_ID xmlns="http://cordys.com/WBGEC/DBT_Selection_Country/1.0">HN</COUNTRY_ID><COUNTRY_NAME xmlns="http://cordys.com/WBGEC/DBT_Selection_Country/1.0">Honduras</COUNTRY_NAME></_></SELECTION_COUNTRY><SELECTION_TRUST_FUND><_><ID xmlns="http://cordys.com/WBGEC/DBT_Selection_Trust_Fund/1.0">408432</ID><SELECTION_ID xmlns="http://cordys.com/WBGEC/DBT_Selection_Trust_Fund/1.0">1208684</SELECTION_ID><TRUST_FUND_NUMBER xmlns="http://cordys.com/WBGEC/DBT_Selection_Trust_Fund/1.0">BB</TRUST_FUND_NUMBER><PERCENT_APPLIES xmlns="http://cordys.com/WBGEC/DBT_Selection_Trust_Fund/1.0">0</PERCENT_APPLIES><TRUST_FUND_DESC xmlns="http://cordys.com/WBGEC/DBT_Selection_Trust_Fund/1.0">BANK BUDGET</TRUST_FUND_DESC></_><_><ID xmlns="http://cordys.com/WBGEC/DBT_Selection_Trust_Fund/1.0">408433</ID><SELECTION_ID xmlns="http://cordys.com/WBGEC/DBT_Selection_Trust_Fund/1.0">1208684</SELECTION_ID><TRUST_FUND_NUMBER xmlns="http://cordys.com/WBGEC/DBT_Selection_Trust_Fund/1.0">TF0A0173</TRUST_FUND_NUMBER><PERCENT_APPLIES xmlns="http://cordys.com/WBGEC/DBT_Selection_Trust_Fund/1.0">100</PERCENT_APPLIES><TRUST_FUND_DESC xmlns="http://cordys.com/WBGEC/DBT_Selection_Trust_Fund/1.0">TFSP WB Central America Trade Reforms</TRUST_FUND_DESC></_></SELECTION_TRUST_FUND><NOTIFICATION_ATTACHMENT/><NOTIFICATION_QUAL_CRIT><_><NOTIFICATION_QUAL_CRIT_ID xmlns="http://cordys.com/WBGEC/DBT_Notification_Qual_Crit/1.0">49690</NOTIFICATION_QUAL_CRIT_ID><CONTENT xmlns="http://cordys.com/WBGEC/DBT_Notification_Qual_Crit/1.0">Provide information on the technical and managerial capabilities of the firm.</CONTENT><ITEM_ORDER xmlns="http://cordys.com/WBGEC/DBT_Notification_Qual_Crit/1.0">1</ITEM_ORDER><MANDATORY xmlns="http://cordys.com/WBGEC/DBT_Notification_Qual_Crit/1.0">1</MANDATORY></_><_><NOTIFICATION_QUAL_CRIT_ID xmlns="http://cordys.com/WBGEC/DBT_Notification_Qual_Crit/1.0">49692</NOTIFICATION_QUAL_CRIT_ID><CONTENT xmlns="http://cordys.com/WBGEC/DBT_Notification_Qual_Crit/1.0">Provide information on the qualifications of key staff.</CONTENT><ITEM_ORDER xmlns="http://cordys.com/WBGEC/DBT_Notification_Qual_Crit/1.0">2</ITEM_ORDER><MANDATORY xmlns="http://cordys.com/WBGEC/DBT_Notification_Qual_Crit/1.0">1</MANDATORY></_><_><NOTIFICATION_QUAL_CRIT_ID xmlns="http://cordys.com/WBGEC/DBT_Notification_Qual_Crit/1.0">49689</NOTIFICATION_QUAL_CRIT_ID><CONTENT xmlns="http://cordys.com/WBGEC/DBT_Notification_Qual_Crit/1.0">Provide information showing that they are qualified in the field of the assignment.</CONTENT><ITEM_ORDER xmlns="http://cordys.com/WBGEC/DBT_Notification_Qual_Crit/1.0">3</ITEM_ORDER><MANDATORY xmlns="http://cordys.com/WBGEC/DBT_Notification_Qual_Crit/1.0">1</MANDATORY></_><_><NOTIFICATION_QUAL_CRIT_ID xmlns="http://cordys.com/WBGEC/DBT_Notification_Qual_Crit/1.0">49691</NOTIFICATION_QUAL_CRIT_ID><CONTENT xmlns="http://cordys.com/WBGEC/DBT_Notification_Qual_Crit/1.0">Provide information on their core business and years in business.</CONTENT><ITEM_ORDER xmlns="http://cordys.com/WBGEC/DBT_Notification_Qual_Crit/1.0">4</ITEM_ORDER><MANDATORY xmlns="http://cordys.com/WBGEC/DBT_Notification_Qual_Crit/1.0">1</MANDATORY></_></NOTIFICATION_QUAL_CRIT></NOTIFICATION>