<NOTIFICATION xmlns:SOAP="http://schemas.xmlsoap.org/soap/envelope/" xmlns:WB="http://cordys.com/WBGEC/BPM_Notification/1.0" xmlns:WBN="http://cordys.com/WBGEC/DBT_Selection_Notification/1.0" xmlns:WBC="http://cordys.com/WBGEC/DBT_Selection_Country/1.0" xmlns:WBTF="http://cordys.com/WBGEC/DBT_Selection_Trust_Fund/1.0" xmlns:WBNA="http://cordys.com/WBGEC/DBT_Notification_Attachment/1.0" xmlns:WBQC="http://cordys.com/WBGEC/DBT_Notification_Qual_Crit/1.0"><SELECTION_NOTIFICATION xmlns="http://cordys.com/WBGEC/DBT_Selection_Notification/1.0"><SELECTION_ID>1208765</SELECTION_ID><NOTIFICATION_TYPE_ID>3</NOTIFICATION_TYPE_ID><TYPE_NAME>Advertise in Bidding Opportunities page</TYPE_NAME><PUBLICATION_DATE>2015-12-17T00:00:00.0</PUBLICATION_DATE><EOI_DEADLINE>2016-01-14T23:59:59.900000000</EOI_DEADLINE><ADVERTISEMENT_TEXT>CGAP intends to finance the assignment/services described below:

Support the completion of the Comprehensive Baseline Study on Digital Remittances (national P2P payment products and international P2P payment products) in Jordan. The study will inform the implementation of a larger project Improving access to remittances and other financial services through digital solutions.  The study will include 3 distinct components: 

1.	Supply side study pertaining to remittance service providers including profiles of providers, their market shares, their products and business models.

2.	Demand side study of existing customers, non-customers and potential customers of remittance services. The study will include both Jordanian and Syrian refugee segments and will explore both formal and informal usage of remittance services.

3.	Behavioral study of consumer choices regarding remittance services including why customers choose formal or informal, cash-based or digital, payment or remittance channels.

CGAP now invites eligible firms to indicate their interest in providing the aforementioned services. Interested firms must provide information indicating that they are qualified to perform one or more of the research components.  Firms may associate to enhance their qualifications for all components or may submit qualifications pertaining to one or more of the components.</ADVERTISEMENT_TEXT><DRAFT_FLAG>0</DRAFT_FLAG><LANGUAGE_OF_NOTICE>English</LANGUAGE_OF_NOTICE><ADVERTISE_UNTIL>2016-01-14T23:59:59.0</ADVERTISE_UNTIL><SELECTION_NUMBER>1208765</SELECTION_NUMBER><SELECTION_TITLE>CGAP Comprehensive Baseline Study on Digital Remittances in Jordan</SELECTION_TITLE><BEFORE_EOI_DEADLINE>5</BEFORE_EOI_DEADLINE><SELECTION_TYPE_ID>2</SELECTION_TYPE_ID><SELECTION_SUB_STATUS_ID>8</SELECTION_SUB_STATUS_ID></SELECTION_NOTIFICATION><SELECTION_COUNTRY><_><COUNTRY_ID xmlns="http://cordys.com/WBGEC/DBT_Selection_Country/1.0">JO</COUNTRY_ID><COUNTRY_NAME xmlns="http://cordys.com/WBGEC/DBT_Selection_Country/1.0">Jordan</COUNTRY_NAME></_></SELECTION_COUNTRY><SELECTION_TRUST_FUND><_><ID xmlns="http://cordys.com/WBGEC/DBT_Selection_Trust_Fund/1.0">408571</ID><SELECTION_ID xmlns="http://cordys.com/WBGEC/DBT_Selection_Trust_Fund/1.0">1208765</SELECTION_ID><TRUST_FUND_NUMBER xmlns="http://cordys.com/WBGEC/DBT_Selection_Trust_Fund/1.0">BB</TRUST_FUND_NUMBER><PERCENT_APPLIES xmlns="http://cordys.com/WBGEC/DBT_Selection_Trust_Fund/1.0">100</PERCENT_APPLIES><TRUST_FUND_DESC xmlns="http://cordys.com/WBGEC/DBT_Selection_Trust_Fund/1.0">BANK BUDGET</TRUST_FUND_DESC></_></SELECTION_TRUST_FUND><NOTIFICATION_ATTACHMENT/><NOTIFICATION_QUAL_CRIT><_><NOTIFICATION_QUAL_CRIT_ID xmlns="http://cordys.com/WBGEC/DBT_Notification_Qual_Crit/1.0">49709</NOTIFICATION_QUAL_CRIT_ID><CONTENT xmlns="http://cordys.com/WBGEC/DBT_Notification_Qual_Crit/1.0">Provide information on the technical and managerial experience of the firm and its key staff.</CONTENT><ITEM_ORDER xmlns="http://cordys.com/WBGEC/DBT_Notification_Qual_Crit/1.0">1</ITEM_ORDER><MANDATORY xmlns="http://cordys.com/WBGEC/DBT_Notification_Qual_Crit/1.0">0</MANDATORY></_><_><NOTIFICATION_QUAL_CRIT_ID xmlns="http://cordys.com/WBGEC/DBT_Notification_Qual_Crit/1.0">49710</NOTIFICATION_QUAL_CRIT_ID><CONTENT xmlns="http://cordys.com/WBGEC/DBT_Notification_Qual_Crit/1.0">Provide information on relevant experience in conducting demand side research using quantitative and qualitative methods; supply-side research; and/or regulatory analysis related to financial services.</CONTENT><ITEM_ORDER xmlns="http://cordys.com/WBGEC/DBT_Notification_Qual_Crit/1.0">2</ITEM_ORDER><MANDATORY xmlns="http://cordys.com/WBGEC/DBT_Notification_Qual_Crit/1.0">0</MANDATORY></_><_><NOTIFICATION_QUAL_CRIT_ID xmlns="http://cordys.com/WBGEC/DBT_Notification_Qual_Crit/1.0">49711</NOTIFICATION_QUAL_CRIT_ID><CONTENT xmlns="http://cordys.com/WBGEC/DBT_Notification_Qual_Crit/1.0">Provide information on relevant research related to remittances.</CONTENT><ITEM_ORDER xmlns="http://cordys.com/WBGEC/DBT_Notification_Qual_Crit/1.0">3</ITEM_ORDER><MANDATORY xmlns="http://cordys.com/WBGEC/DBT_Notification_Qual_Crit/1.0">0</MANDATORY></_><_><NOTIFICATION_QUAL_CRIT_ID xmlns="http://cordys.com/WBGEC/DBT_Notification_Qual_Crit/1.0">49712</NOTIFICATION_QUAL_CRIT_ID><CONTENT xmlns="http://cordys.com/WBGEC/DBT_Notification_Qual_Crit/1.0">Provide information on regional experience focusing on financial services in the Middle East and North Africa including experience with developing Arabic language research instruments.</CONTENT><ITEM_ORDER xmlns="http://cordys.com/WBGEC/DBT_Notification_Qual_Crit/1.0">4</ITEM_ORDER><MANDATORY xmlns="http://cordys.com/WBGEC/DBT_Notification_Qual_Crit/1.0">0</MANDATORY></_><_><NOTIFICATION_QUAL_CRIT_ID xmlns="http://cordys.com/WBGEC/DBT_Notification_Qual_Crit/1.0">49713</NOTIFICATION_QUAL_CRIT_ID><CONTENT xmlns="http://cordys.com/WBGEC/DBT_Notification_Qual_Crit/1.0">Provide examples of past projects that are similar in scope.</CONTENT><ITEM_ORDER xmlns="http://cordys.com/WBGEC/DBT_Notification_Qual_Crit/1.0">5</ITEM_ORDER><MANDATORY xmlns="http://cordys.com/WBGEC/DBT_Notification_Qual_Crit/1.0">0</MANDATORY></_></NOTIFICATION_QUAL_CRIT></NOTIFICATION>