<NOTIFICATION xmlns:SOAP="http://schemas.xmlsoap.org/soap/envelope/" xmlns:WB="http://cordys.com/WBGEC/BPM_Notification/1.0" xmlns:WBN="http://cordys.com/WBGEC/DBT_Selection_Notification/1.0" xmlns:WBC="http://cordys.com/WBGEC/DBT_Selection_Country/1.0" xmlns:WBTF="http://cordys.com/WBGEC/DBT_Selection_Trust_Fund/1.0" xmlns:WBNA="http://cordys.com/WBGEC/DBT_Notification_Attachment/1.0" xmlns:WBQC="http://cordys.com/WBGEC/DBT_Notification_Qual_Crit/1.0"><SELECTION_NOTIFICATION xmlns="http://cordys.com/WBGEC/DBT_Selection_Notification/1.0"><SELECTION_ID>1208945</SELECTION_ID><NOTIFICATION_TYPE_ID>3</NOTIFICATION_TYPE_ID><TYPE_NAME>Advertise in Bidding Opportunities page</TYPE_NAME><PUBLICATION_DATE>2015-12-18T00:00:00.0</PUBLICATION_DATE><EOI_DEADLINE>2016-01-11T23:59:59.900000000</EOI_DEADLINE><ADVERTISEMENT_TEXT>SELECTION FOR CONSULTANTS BY THE WORLD BANK GROUP

REQUEST FOR EXPRESSIONS OF INTEREST

Electronic Submissions through World Bank Group eConsultant2
https://wbgeconsult2.worldbank.org/wbgec/index.html

ASSIGNMENT OVERVIEW

Assignment Title: 1208945 - Consulting Services to support the preparation of a feasibility study, a strategic investment plan and build relevant capacity for the proposed South East Asia Disaster Risk Management Project in Cambodia

Assignment Countries:
  - Cambodia

ASSIGNMENT DESCRIPTION

The World Bank is considering supporting 6 provinces in Cambodia through a Disaster Risk Management (DRM) Project with tentative size of US$60 million. This assignment would prepare the project and support the government to develop an investment plan and feasibility study to prioritize resilient rural infrastructure investments and strengthen DRM systems. 

Based on a risk assessment and economic analysis, an investment plan would be proposed, mostly for rural roads, but also water and sanitation facilities, small-scale irrigation, embankments, and drainage canals to strengthen flood control. Non-structural DRM measures and DRM capacity at national level and in the selected provinces would be assessed and a workplan proposed to address identified gaps. Based on the investment plan, a feasibility study for priority investments would be developed with baseline data, preliminary designs, cost estimates, economic analysis, building standards, procurement plan, and ToRs for detailed designs

FUNDING SOURCE

The World Bank intends to finance the assignment / services described below under the following trust fund(s):
  - Developing Strategic Plans for Disaster Risk Financing, Risk Reduction and Hydromet Services in South East Asia

ELIGIBILITY

Eligibility restrictions apply: N/A

INDIVIDUAL / FIRM PROFILE
The consultant will be a firm. 

SUBMISSION REQUIREMENTS
The World Bank now invites eligible firms to indicate their interest in providing the services.  Interested firms must provide information indicating that they are qualified to perform the services (brochures, description of similar assignments, experience in similar conditions, availability of appropriate skills among staff, etc. for firms; CV and cover letter for individuals).  Please note that the total size of all attachments should be less than 5MB.  Consultants may associate to enhance their qualifications.

Interested firms are hereby invited to submit expressions of interest.

Expressions of Interest should be submitted, in English, electronically through World Bank Group eTendering (https://wbgeconsult2.worldbank.org/wbgec/index.html)

NOTES
Following this invitation for Expression of Interest, a shortlist of qualified firms will be formally invited to submit proposals.  Shortlisting and selection will be subject to the availability of funding.</ADVERTISEMENT_TEXT><DRAFT_FLAG>0</DRAFT_FLAG><LANGUAGE_OF_NOTICE>English</LANGUAGE_OF_NOTICE><ADVERTISE_UNTIL>2016-01-11T23:59:59.0</ADVERTISE_UNTIL><SELECTION_NUMBER>1208945</SELECTION_NUMBER><SELECTION_TITLE>Consulting Services to support preparation of a feasibility study, a strategic investment plan &amp; build relevant capacity for the proposed South East Asia Disaster Risk Management Project in Cambodia</SELECTION_TITLE><BEFORE_EOI_DEADLINE>2</BEFORE_EOI_DEADLINE><SELECTION_TYPE_ID>2</SELECTION_TYPE_ID><SELECTION_SUB_STATUS_ID>8</SELECTION_SUB_STATUS_ID></SELECTION_NOTIFICATION><SELECTION_COUNTRY><_><COUNTRY_ID xmlns="http://cordys.com/WBGEC/DBT_Selection_Country/1.0">KH</COUNTRY_ID><COUNTRY_NAME xmlns="http://cordys.com/WBGEC/DBT_Selection_Country/1.0">Cambodia</COUNTRY_NAME></_></SELECTION_COUNTRY><SELECTION_TRUST_FUND><_><ID xmlns="http://cordys.com/WBGEC/DBT_Selection_Trust_Fund/1.0">408903</ID><SELECTION_ID xmlns="http://cordys.com/WBGEC/DBT_Selection_Trust_Fund/1.0">1208945</SELECTION_ID><TRUST_FUND_NUMBER xmlns="http://cordys.com/WBGEC/DBT_Selection_Trust_Fund/1.0">BB</TRUST_FUND_NUMBER><PERCENT_APPLIES xmlns="http://cordys.com/WBGEC/DBT_Selection_Trust_Fund/1.0">0</PERCENT_APPLIES><TRUST_FUND_DESC xmlns="http://cordys.com/WBGEC/DBT_Selection_Trust_Fund/1.0">BANK BUDGET</TRUST_FUND_DESC></_><_><ID xmlns="http://cordys.com/WBGEC/DBT_Selection_Trust_Fund/1.0">408904</ID><SELECTION_ID xmlns="http://cordys.com/WBGEC/DBT_Selection_Trust_Fund/1.0">1208945</SELECTION_ID><TRUST_FUND_NUMBER xmlns="http://cordys.com/WBGEC/DBT_Selection_Trust_Fund/1.0">TF0A0408</TRUST_FUND_NUMBER><PERCENT_APPLIES xmlns="http://cordys.com/WBGEC/DBT_Selection_Trust_Fund/1.0">100</PERCENT_APPLIES><TRUST_FUND_DESC xmlns="http://cordys.com/WBGEC/DBT_Selection_Trust_Fund/1.0">Developing Strategic Plans for Disaster Risk Financing, Risk Reduction and Hydromet Services in South East Asia</TRUST_FUND_DESC></_></SELECTION_TRUST_FUND><NOTIFICATION_ATTACHMENT/><NOTIFICATION_QUAL_CRIT><_><NOTIFICATION_QUAL_CRIT_ID xmlns="http://cordys.com/WBGEC/DBT_Notification_Qual_Crit/1.0">49734</NOTIFICATION_QUAL_CRIT_ID><CONTENT xmlns="http://cordys.com/WBGEC/DBT_Notification_Qual_Crit/1.0">Provide information showing that they are qualified in the field of the assignment.</CONTENT><ITEM_ORDER xmlns="http://cordys.com/WBGEC/DBT_Notification_Qual_Crit/1.0">1</ITEM_ORDER><MANDATORY xmlns="http://cordys.com/WBGEC/DBT_Notification_Qual_Crit/1.0">1</MANDATORY></_><_><NOTIFICATION_QUAL_CRIT_ID xmlns="http://cordys.com/WBGEC/DBT_Notification_Qual_Crit/1.0">49735</NOTIFICATION_QUAL_CRIT_ID><CONTENT xmlns="http://cordys.com/WBGEC/DBT_Notification_Qual_Crit/1.0">Provide information on the technical and managerial capabilities of the firm.</CONTENT><ITEM_ORDER xmlns="http://cordys.com/WBGEC/DBT_Notification_Qual_Crit/1.0">2</ITEM_ORDER><MANDATORY xmlns="http://cordys.com/WBGEC/DBT_Notification_Qual_Crit/1.0">1</MANDATORY></_><_><NOTIFICATION_QUAL_CRIT_ID xmlns="http://cordys.com/WBGEC/DBT_Notification_Qual_Crit/1.0">49736</NOTIFICATION_QUAL_CRIT_ID><CONTENT xmlns="http://cordys.com/WBGEC/DBT_Notification_Qual_Crit/1.0">Provide information on their core business and years in business.</CONTENT><ITEM_ORDER xmlns="http://cordys.com/WBGEC/DBT_Notification_Qual_Crit/1.0">3</ITEM_ORDER><MANDATORY xmlns="http://cordys.com/WBGEC/DBT_Notification_Qual_Crit/1.0">1</MANDATORY></_><_><NOTIFICATION_QUAL_CRIT_ID xmlns="http://cordys.com/WBGEC/DBT_Notification_Qual_Crit/1.0">49737</NOTIFICATION_QUAL_CRIT_ID><CONTENT xmlns="http://cordys.com/WBGEC/DBT_Notification_Qual_Crit/1.0">Provide information on the qualifications of key staff.</CONTENT><ITEM_ORDER xmlns="http://cordys.com/WBGEC/DBT_Notification_Qual_Crit/1.0">4</ITEM_ORDER><MANDATORY xmlns="http://cordys.com/WBGEC/DBT_Notification_Qual_Crit/1.0">1</MANDATORY></_></NOTIFICATION_QUAL_CRIT></NOTIFICATION>