<NOTIFICATION xmlns:SOAP="http://schemas.xmlsoap.org/soap/envelope/" xmlns:WB="http://cordys.com/WBGEC/BPM_Notification/1.0" xmlns:WBN="http://cordys.com/WBGEC/DBT_Selection_Notification/1.0" xmlns:WBC="http://cordys.com/WBGEC/DBT_Selection_Country/1.0" xmlns:WBTF="http://cordys.com/WBGEC/DBT_Selection_Trust_Fund/1.0" xmlns:WBNA="http://cordys.com/WBGEC/DBT_Notification_Attachment/1.0" xmlns:WBQC="http://cordys.com/WBGEC/DBT_Notification_Qual_Crit/1.0"><SELECTION_NOTIFICATION xmlns="http://cordys.com/WBGEC/DBT_Selection_Notification/1.0"><SELECTION_ID>1209501</SELECTION_ID><NOTIFICATION_TYPE_ID>3</NOTIFICATION_TYPE_ID><TYPE_NAME>Advertise in Bidding Opportunities page</TYPE_NAME><PUBLICATION_DATE>2015-12-23T00:00:00.0</PUBLICATION_DATE><EOI_DEADLINE>2016-01-11T23:59:59.900000000</EOI_DEADLINE><ADVERTISEMENT_TEXT>SELECTION FOR CONSULTANTS BY THE WORLD BANK GROUP

REQUEST FOR EXPRESSIONS OF INTEREST

Electronic Submissions through World Bank Group eConsultant2
https://wbgeconsult2.worldbank.org/wbgec/index.html

ASSIGNMENT OVERVIEW

Assignment Title: 1209501 - Partnership for Market Readiness (PMR) Technical Note on "MRV approaches beyond facility-level, including MRV of policy-driven mitigation actions"

Assignment Countries:
  - (countries have not yet been selected)

ASSIGNMENT DESCRIPTION

To assist countries interested in the use of crediting instruments, the PMR will develop a Crediting Guidance to explore practical guiding principles for the main design and implementation elements of scaled-up crediting. The Guidance will be developed in a phased approach incorporating the findings from a number of Technical Notes. 

This Technical Note will focus on MRV approaches beyond facility-level, e.g., for mitigation in transportation, at community scales, and at the policy level.

The objective is to provide an overview of emerging concepts and experiences of MRV approaches for sectors or mitigation actions not effectively addressed by the facility-level MRV, due to the atomized nature of emission sources or given their broader impacts on economic behavior and interactions, such as in a case of policies. The note will consider ways to facilitate consistency and integration of MRV systems for scaled-up crediting with the performance tracking of broader climate policies.

FUNDING SOURCE

The World Bank intends to finance the assignment / services described below under the following trust fund(s):
  - PMR - Country Delivery Support and Advisory Services
  - BANK BUDGET

ELIGIBILITY

Eligibility restrictions apply:
[Please type list of restrictions]

INDIVIDUAL / FIRM PROFILE
The consultant will be a firm. 

SUBMISSION REQUIREMENTS
The World Bank now invites eligible firms to indicate their interest in providing the services.  Interested firms must provide information indicating that they are qualified to perform the services (brochures, description of similar assignments, experience in similar conditions, availability of appropriate skills among staff, etc. for firms; CV and cover letter for individuals).  Please note that the total size of all attachments should be less than 5MB.  Consultants may associate to enhance their qualifications.

Interested firms are hereby invited to submit expressions of interest.

Expressions of Interest should be submitted, in English, electronically through World Bank Group eTendering (https://wbgeconsult2.worldbank.org/wbgec/index.html)

NOTES
Following this invitation for Expression of Interest, a shortlist of qualified firms will be formally invited to submit proposals.  Shortlisting and selection will be subject to the availability of funding.</ADVERTISEMENT_TEXT><DRAFT_FLAG>0</DRAFT_FLAG><LANGUAGE_OF_NOTICE>English</LANGUAGE_OF_NOTICE><ADVERTISE_UNTIL>2016-01-11T23:59:59.0</ADVERTISE_UNTIL><SELECTION_NUMBER>1209501</SELECTION_NUMBER><SELECTION_TITLE>PMR Technical Note on "MRV approaches beyond facility-level, including MRV of policy-driven mitigation actions"</SELECTION_TITLE><BEFORE_EOI_DEADLINE>2</BEFORE_EOI_DEADLINE><SELECTION_TYPE_ID>2</SELECTION_TYPE_ID><SELECTION_SUB_STATUS_ID>8</SELECTION_SUB_STATUS_ID></SELECTION_NOTIFICATION><SELECTION_COUNTRY/><SELECTION_TRUST_FUND><_><ID xmlns="http://cordys.com/WBGEC/DBT_Selection_Trust_Fund/1.0">409951</ID><SELECTION_ID xmlns="http://cordys.com/WBGEC/DBT_Selection_Trust_Fund/1.0">1209501</SELECTION_ID><TRUST_FUND_NUMBER xmlns="http://cordys.com/WBGEC/DBT_Selection_Trust_Fund/1.0">TF011051</TRUST_FUND_NUMBER><PERCENT_APPLIES xmlns="http://cordys.com/WBGEC/DBT_Selection_Trust_Fund/1.0">100</PERCENT_APPLIES><TRUST_FUND_DESC xmlns="http://cordys.com/WBGEC/DBT_Selection_Trust_Fund/1.0">PMR - Country Delivery Support and Advisory Services</TRUST_FUND_DESC></_><_><ID xmlns="http://cordys.com/WBGEC/DBT_Selection_Trust_Fund/1.0">409950</ID><SELECTION_ID xmlns="http://cordys.com/WBGEC/DBT_Selection_Trust_Fund/1.0">1209501</SELECTION_ID><TRUST_FUND_NUMBER xmlns="http://cordys.com/WBGEC/DBT_Selection_Trust_Fund/1.0">BB</TRUST_FUND_NUMBER><PERCENT_APPLIES xmlns="http://cordys.com/WBGEC/DBT_Selection_Trust_Fund/1.0">0</PERCENT_APPLIES><TRUST_FUND_DESC xmlns="http://cordys.com/WBGEC/DBT_Selection_Trust_Fund/1.0">BANK BUDGET</TRUST_FUND_DESC></_></SELECTION_TRUST_FUND><NOTIFICATION_ATTACHMENT/><NOTIFICATION_QUAL_CRIT><_><NOTIFICATION_QUAL_CRIT_ID xmlns="http://cordys.com/WBGEC/DBT_Notification_Qual_Crit/1.0">49906</NOTIFICATION_QUAL_CRIT_ID><CONTENT xmlns="http://cordys.com/WBGEC/DBT_Notification_Qual_Crit/1.0">Provide information showing that they are qualified in the field of the assignment.</CONTENT><ITEM_ORDER xmlns="http://cordys.com/WBGEC/DBT_Notification_Qual_Crit/1.0">1</ITEM_ORDER><MANDATORY xmlns="http://cordys.com/WBGEC/DBT_Notification_Qual_Crit/1.0">0</MANDATORY></_><_><NOTIFICATION_QUAL_CRIT_ID xmlns="http://cordys.com/WBGEC/DBT_Notification_Qual_Crit/1.0">49907</NOTIFICATION_QUAL_CRIT_ID><CONTENT xmlns="http://cordys.com/WBGEC/DBT_Notification_Qual_Crit/1.0">Provide information on the technical and managerial capabilities of the firm.</CONTENT><ITEM_ORDER xmlns="http://cordys.com/WBGEC/DBT_Notification_Qual_Crit/1.0">2</ITEM_ORDER><MANDATORY xmlns="http://cordys.com/WBGEC/DBT_Notification_Qual_Crit/1.0">0</MANDATORY></_><_><NOTIFICATION_QUAL_CRIT_ID xmlns="http://cordys.com/WBGEC/DBT_Notification_Qual_Crit/1.0">49909</NOTIFICATION_QUAL_CRIT_ID><CONTENT xmlns="http://cordys.com/WBGEC/DBT_Notification_Qual_Crit/1.0">Provide information on the qualifications of key staff.</CONTENT><ITEM_ORDER xmlns="http://cordys.com/WBGEC/DBT_Notification_Qual_Crit/1.0">3</ITEM_ORDER><MANDATORY xmlns="http://cordys.com/WBGEC/DBT_Notification_Qual_Crit/1.0">0</MANDATORY></_><_><NOTIFICATION_QUAL_CRIT_ID xmlns="http://cordys.com/WBGEC/DBT_Notification_Qual_Crit/1.0">49908</NOTIFICATION_QUAL_CRIT_ID><CONTENT xmlns="http://cordys.com/WBGEC/DBT_Notification_Qual_Crit/1.0">Provide information on their core business and years in business.</CONTENT><ITEM_ORDER xmlns="http://cordys.com/WBGEC/DBT_Notification_Qual_Crit/1.0">4</ITEM_ORDER><MANDATORY xmlns="http://cordys.com/WBGEC/DBT_Notification_Qual_Crit/1.0">0</MANDATORY></_></NOTIFICATION_QUAL_CRIT></NOTIFICATION>