<NOTIFICATION xmlns:SOAP="http://schemas.xmlsoap.org/soap/envelope/" xmlns:WB="http://cordys.com/WBGEC/BPM_Notification/1.0" xmlns:WBN="http://cordys.com/WBGEC/DBT_Selection_Notification/1.0" xmlns:WBC="http://cordys.com/WBGEC/DBT_Selection_Country/1.0" xmlns:WBTF="http://cordys.com/WBGEC/DBT_Selection_Trust_Fund/1.0" xmlns:WBNA="http://cordys.com/WBGEC/DBT_Notification_Attachment/1.0" xmlns:WBQC="http://cordys.com/WBGEC/DBT_Notification_Qual_Crit/1.0"><SELECTION_NOTIFICATION xmlns="http://cordys.com/WBGEC/DBT_Selection_Notification/1.0"><SELECTION_ID>1209610</SELECTION_ID><NOTIFICATION_TYPE_ID>3</NOTIFICATION_TYPE_ID><TYPE_NAME>Advertise in Bidding Opportunities page</TYPE_NAME><PUBLICATION_DATE>2016-01-05T00:00:00.0</PUBLICATION_DATE><EOI_DEADLINE>2016-01-14T23:59:59.900000000</EOI_DEADLINE><ADVERTISEMENT_TEXT>SELECTION FOR CONSULTANTS BY THE WORLD BANK GROUP

REQUEST FOR EXPRESSIONS OF INTEREST

Electronic Submissions through World Bank Group eConsultant2
https://wbgeconsult2.worldbank.org/wbgec/index.html

ASSIGNMENT OVERVIEW

Assignment Title: 1209610 - Environmental &amp; Social Impact Assessment (ESIA) of the Semeikhon Riverside Port Project in Myanmar

Assignment Countries:
  - Myanmar

ASSIGNMENT DESCRIPTION

This greenfield project will be developed by MMID. IFC, through its proposed equity participation in this InfraVentures project, will play the role of co-developer. SMP is located along the bank of Ayeyarwady River, around 70 km from Mandalay city in Myanmar. MMID is also the developer of Myotha Industrial Park (MIP), a greenfield 10,000 acre mixed-used Industrial Zone.The land footprint of SMP (all phases) is about 152 hectares with an expected quay length of 1,500 meters. SMP will be developed in phases as container port traffic builds up over time. Phase 1 will be designed with one floating berth, barges and cranes with capacity to handle an estimated 200,000 tons of general cargo, containers and roll-on-roll off (ro-ro) cargos.
The purpose of the ESIA is to: (i) determine the environmental and social (E&amp;S) baseline conditions at the projects primary and secondary Areas of Influence (AOI); (ii) analyze all feasible project alternatives; (iii) assess the E&amp;S risks and impacts (direct; indirect; and impacts on vulnerable project affected persons/groups) resulting from the construction and operation of the Project, within the projects primary and secondary Areas of Influence (AOI); (iii) identify appropriate/effective/practicable mitigation measures, and develop E&amp;S management and monitoring programs, based on a clearly articulated avoid/minimize/mitigate/compensate-and/or-offset mitigation hierarchy; and (iv) throughout the entire ESIA process, effectively and representatively identify and consult project affected persons (PAP), members of the general public, and other key stakeholders, in relation to potential project benefits and negative E&amp;S impacts, and demonstrate that stakeholder views have been incorporated into the project E&amp;S design.

The ESIA Consultant shall undertake the following work: 
i.	Undertake E&amp;S scoping, and early review of available primary and secondary data, to focus on key issues/impacts and exclude other issues considered to bring limited impacts;
ii.	clearly define the projects primary and secondary AOIs;
iii.	conduct E&amp;S baseline studies, including modeling of baseline conditions;
iv.	based on the above, prepare a ESIA report consistent with requirements of applicable local E&amp;S regulations, IFC 2012 PS, and WBG Environmental, Health, and Safety (EHS) Guidelines. The ESIA will include action plans, management and monitoring programs, and an estimated implementation budget. Mitigation actions will include those specifically designed to address the circumstances of vulnerable project affected persons and groups;
v.	based on a clear rationale/justification of need, propose supplemental studies such as a biodiversity assessment (including multi-season species sampling and habitat change monitoring), indigenous peoples development plan and/or community development plan, influx management plan, etc;
vi.	prepare a summary ESIA report to be used with the full report in public consultations; and 
vii.	design, carry out, and document the public/stakeholder consultations and engagement throughout the ESIA process at key milestone stages (e.g. at scoping; at pre-finalization of draft ESIA; etc). This will include developing and conducting a robust, representative, iterative, and effective program of stakeholder identification, analysis, consultation, and engagement, including local disclosure activities and establishing grievance mechanisms which can be effectively accessed by project affected stakeholders. The above should also lead to preparation of: (i) the projects grievance redress mechanisms and channels; and (ii) a project Stakeholder Engagement Plan (SEP), annexed to the ESIA main report. Vulnerable groups/persons should be included in the stakeholder identification and analysis.


FUNDING SOURCE

The World Bank intends to finance the assignment / services described below under the following trust fund(s):
  - BANK BUDGET

ELIGIBILITY

Eligibility restrictions apply: None


INDIVIDUAL / FIRM PROFILE
The consultant will be a firm. 

SUBMISSION REQUIREMENTS
The World Bank now invites eligible firms to indicate their interest in providing the services.  Interested firms must provide information indicating that they are qualified to perform the services (brochures, description of similar assignments, experience in similar conditions, availability of appropriate skills among staff, etc. for firms; CV and cover letter for individuals).  Please note that the total size of all attachments should be less than 5MB.  Consultants may associate to enhance their qualifications.

Interested firms are hereby invited to submit expressions of interest.

Expressions of Interest should be submitted, in English, electronically through World Bank Group eTendering (https://wbgeconsult2.worldbank.org/wbgec/index.html)

CONSULTANT QUALIFICATIONS AND TEAM COMPOSITION

The ESIA Consultant team shall include professional practitioners possessing demonstrable skills, relevant technical qualifications (e.g. including a biodiversity expert; social impact assessment and stakeholder consultation specialist; etc), and relevant experiences of at least 10 years undertaking similar GIIP-compliant work. The selected team shall have working knowledge of IFC Performance Standards requirements and World Bank Group EHS guidelines, and have solid experiences of organizing public consultations and managing stakeholder relations and sensitivities.

Strong preference will be given to bidders: (i) familiar with national E&amp;S laws and the regulatory context and requirements of Myanmar; and (ii) with experiences in planning, developing, and managing ESIA processes for large scale port projects. In submitted proposals, bidders shall describe the experiences of each team member in reasonable detail and attach their CVs, and shall list and describe relevant past projects worked on by the team.

The proposed team structure should include at least one and preferably two locally based national consultant(s) with relevant experience, who can speak/read/write local dialects and written languages to aid in preparation of local language materials, and who can travel to the project sites and meet and communicate with project counterparts and local stakeholders, with ease and at short notice.



NOTES
Following this invitation for Expression of Interest, a shortlist of qualified firms will be formally invited to submit proposals.  Shortlisting and selection will be subject to the availability of funding.</ADVERTISEMENT_TEXT><DRAFT_FLAG>0</DRAFT_FLAG><LANGUAGE_OF_NOTICE>English</LANGUAGE_OF_NOTICE><ADVERTISE_UNTIL>2016-01-14T23:59:59.0</ADVERTISE_UNTIL><SELECTION_NUMBER>1209610</SELECTION_NUMBER><SELECTION_TITLE>Environmental &amp; Social Impact Assessment (ESIA) of the Semeikhon Riverside Port Project in Myanmar</SELECTION_TITLE><BEFORE_EOI_DEADLINE>5</BEFORE_EOI_DEADLINE><SELECTION_TYPE_ID>2</SELECTION_TYPE_ID><SELECTION_SUB_STATUS_ID>8</SELECTION_SUB_STATUS_ID></SELECTION_NOTIFICATION><SELECTION_COUNTRY><_><COUNTRY_ID xmlns="http://cordys.com/WBGEC/DBT_Selection_Country/1.0">MM</COUNTRY_ID><COUNTRY_NAME xmlns="http://cordys.com/WBGEC/DBT_Selection_Country/1.0">Myanmar</COUNTRY_NAME></_></SELECTION_COUNTRY><SELECTION_TRUST_FUND><_><ID xmlns="http://cordys.com/WBGEC/DBT_Selection_Trust_Fund/1.0">410144</ID><SELECTION_ID xmlns="http://cordys.com/WBGEC/DBT_Selection_Trust_Fund/1.0">1209610</SELECTION_ID><TRUST_FUND_NUMBER xmlns="http://cordys.com/WBGEC/DBT_Selection_Trust_Fund/1.0">BB</TRUST_FUND_NUMBER><PERCENT_APPLIES xmlns="http://cordys.com/WBGEC/DBT_Selection_Trust_Fund/1.0">100</PERCENT_APPLIES><TRUST_FUND_DESC xmlns="http://cordys.com/WBGEC/DBT_Selection_Trust_Fund/1.0">BANK BUDGET</TRUST_FUND_DESC></_></SELECTION_TRUST_FUND><NOTIFICATION_ATTACHMENT/><NOTIFICATION_QUAL_CRIT><_><NOTIFICATION_QUAL_CRIT_ID xmlns="http://cordys.com/WBGEC/DBT_Notification_Qual_Crit/1.0">49922</NOTIFICATION_QUAL_CRIT_ID><CONTENT xmlns="http://cordys.com/WBGEC/DBT_Notification_Qual_Crit/1.0">Provide information showing that they are qualified in the field of the assignment., especially (i) strong familiarity with national E&amp;S laws and the regulatory context and requirements of Myanmar; and (ii) experiences in planning, developing, and managing ESIA processes for large scale port projects.</CONTENT><ITEM_ORDER xmlns="http://cordys.com/WBGEC/DBT_Notification_Qual_Crit/1.0">1</ITEM_ORDER><MANDATORY xmlns="http://cordys.com/WBGEC/DBT_Notification_Qual_Crit/1.0">0</MANDATORY></_><_><NOTIFICATION_QUAL_CRIT_ID xmlns="http://cordys.com/WBGEC/DBT_Notification_Qual_Crit/1.0">49925</NOTIFICATION_QUAL_CRIT_ID><CONTENT xmlns="http://cordys.com/WBGEC/DBT_Notification_Qual_Crit/1.0">Provide information on the qualifications of key staff.[The proposed team structure should include at least one or preferably two locally based national consultant(s) with relevant experience and fluent in local language, and can travel frequently.</CONTENT><ITEM_ORDER xmlns="http://cordys.com/WBGEC/DBT_Notification_Qual_Crit/1.0">2</ITEM_ORDER><MANDATORY xmlns="http://cordys.com/WBGEC/DBT_Notification_Qual_Crit/1.0">0</MANDATORY></_><_><NOTIFICATION_QUAL_CRIT_ID xmlns="http://cordys.com/WBGEC/DBT_Notification_Qual_Crit/1.0">49923</NOTIFICATION_QUAL_CRIT_ID><CONTENT xmlns="http://cordys.com/WBGEC/DBT_Notification_Qual_Crit/1.0">Provide information on the technical and managerial capabilities of the firm. [The ESIA Consultant team shall include professional practitioners possessing demonstrable skills, relevant technical qualifications (e.g. including a biodiversity expert; social impact assessment and stakeholder consultation specialist; etc), and relevant experiences of at least 10 years undertaking similar GIIP-compliant work ,working knowledge of IFC Performance Standards and World Bank Group EHS guidelines]</CONTENT><ITEM_ORDER xmlns="http://cordys.com/WBGEC/DBT_Notification_Qual_Crit/1.0">3</ITEM_ORDER><MANDATORY xmlns="http://cordys.com/WBGEC/DBT_Notification_Qual_Crit/1.0">0</MANDATORY></_><_><NOTIFICATION_QUAL_CRIT_ID xmlns="http://cordys.com/WBGEC/DBT_Notification_Qual_Crit/1.0">49924</NOTIFICATION_QUAL_CRIT_ID><CONTENT xmlns="http://cordys.com/WBGEC/DBT_Notification_Qual_Crit/1.0">Provide information on their core business and years in business.</CONTENT><ITEM_ORDER xmlns="http://cordys.com/WBGEC/DBT_Notification_Qual_Crit/1.0">4</ITEM_ORDER><MANDATORY xmlns="http://cordys.com/WBGEC/DBT_Notification_Qual_Crit/1.0">0</MANDATORY></_></NOTIFICATION_QUAL_CRIT></NOTIFICATION>